{
    "key": "group_5a13c4de7cd03",
    "title": "Add Rich Content",
    "fields": [
        {
            "key": "field_5a13c5a7ec802",
            "label": "Content Type",
            "name": "content_type",
            "type": "select",
            "instructions": "Choose the type of content you wish to generate",
            "required": 0,
            "conditional_logic": 0,
            "wrapper": {
                "width": "",
                "class": "",
                "id": ""
            },
            "choices": {
                "None": "None",
                "Accordion": "Accordion",
                "Tabbed sections": "Tabbed sections",
                "Cards": "Cards"
            },
            "default_value": [],
            "allow_null": 0,
            "multiple": 0,
            "ui": 0,
            "ajax": 0,
            "return_format": "value",
            "placeholder": ""
        },
        {
            "key": "field_5a13c61e91a66",
            "label": "Accordion Content",
            "name": "accordion_content",
            "type": "repeater",
            "instructions": "Create the Sections by adding new fields",
            "required": 0,
            "conditional_logic": [
                [
                    {
                        "field": "field_5a13c5a7ec802",
                        "operator": "==",
                        "value": "Accordion"
                    }
                ]
            ],
            "wrapper": {
                "width": "",
                "class": "",
                "id": ""
            },
            "collapsed": "",
            "min": 1,
            "max": 20,
            "layout": "row",
            "button_label": "Add another section",
            "sub_fields": [
                {
                    "key": "field_5a13c67d91a67",
                    "label": "Title",
                    "name": "title",
                    "type": "text",
                    "instructions": "Add the text content for your section header",
                    "required": 0,
                    "conditional_logic": 0,
                    "wrapper": {
                        "width": "",
                        "class": "",
                        "id": ""
                    },
                    "default_value": "",
                    "placeholder": "Section title",
                    "prepend": "",
                    "append": "",
                    "maxlength": 30
                },
                {
                    "key": "field_5a13c6ac91a68",
                    "label": "Collapsed Content",
                    "name": "collapsed_content",
                    "type": "wysiwyg",
                    "instructions": "Add the content that is to be hidden and shown here",
                    "required": 0,
                    "conditional_logic": 0,
                    "wrapper": {
                        "width": "",
                        "class": "",
                        "id": ""
                    },
                    "default_value": "",
                    "tabs": "all",
                    "toolbar": "full",
                    "media_upload": 0,
                    "delay": 1
                }
            ]
        },
        {
            "key": "field_5a13c748a910f",
            "label": "Tab settings",
            "name": "tab_settings",
            "type": "select",
            "instructions": "Choose the style of tabs you want",
            "required": 0,
            "conditional_logic": [
                [
                    {
                        "field": "field_5a13c5a7ec802",
                        "operator": "==",
                        "value": "Tabbed sections"
                    }
                ]
            ],
            "wrapper": {
                "width": "",
                "class": "",
                "id": ""
            },
            "choices": {
                "top": "Tabs on top",
                "left": "Tabs on left",
                "image": "Image tabs on left"
            },
            "default_value": [],
            "allow_null": 0,
            "multiple": 0,
            "ui": 0,
            "ajax": 0,
            "return_format": "value",
            "placeholder": ""
        },
        {
            "key": "field_5a13c7fda9110",
            "label": "Tab Content",
            "name": "tab_content",
            "type": "repeater",
            "instructions": "Add the content for each tabbed area",
            "required": 0,
            "conditional_logic": [
                [
                    {
                        "field": "field_5a13c5a7ec802",
                        "operator": "==",
                        "value": "Tabbed sections"
                    }
                ]
            ],
            "wrapper": {
                "width": "",
                "class": "",
                "id": ""
            },
            "collapsed": "",
            "min": 1,
            "max": 10,
            "layout": "row",
            "button_label": "Add another tab",
            "sub_fields": [
                {
                    "key": "field_5a14fdfcc7bba",
                    "label": "Tab title",
                    "name": "tab_title",
                    "type": "text",
                    "instructions": "",
                    "required": 0,
                    "conditional_logic": [
                        [
                            {
                                "field": "field_5a13c5a7ec802",
                                "operator": "==",
                                "value": "Tabbed sections"
                            }
                        ]
                    ],
                    "wrapper": {
                        "width": "",
                        "class": "",
                        "id": ""
                    },
                    "default_value": "",
                    "placeholder": "",
                    "prepend": "",
                    "append": "",
                    "maxlength": ""
                },
                {
                    "key": "field_5a14fe2ac18c8",
                    "label": "Tab Image",
                    "name": "tab_image",
                    "type": "image",
                    "instructions": "",
                    "required": 0,
                    "conditional_logic": [
                        [
                            {
                                "field": "field_5a13c5a7ec802",
                                "operator": "==",
                                "value": "Tabbed sections"
                            },
                            {
                                "field": "field_5a13c748a910f",
                                "operator": "==",
                                "value": "image"
                            }
                        ]
                    ],
                    "wrapper": {
                        "width": "",
                        "class": "",
                        "id": ""
                    },
                    "return_format": "url",
                    "preview_size": "thumbnail",
                    "library": "all",
                    "min_width": "",
                    "min_height": "",
                    "min_size": "",
                    "max_width": "",
                    "max_height": "",
                    "max_size": "",
                    "mime_types": ""
                },
                {
                    "key": "field_5a14fdab64ad0",
                    "label": "Tab Body",
                    "name": "tab_body",
                    "type": "wysiwyg",
                    "instructions": "",
                    "required": 0,
                    "conditional_logic": [
                        [
                            {
                                "field": "field_5a13c5a7ec802",
                                "operator": "==",
                                "value": "Tabbed sections"
                            }
                        ]
                    ],
                    "wrapper": {
                        "width": "",
                        "class": "",
                        "id": ""
                    },
                    "default_value": "",
                    "tabs": "all",
                    "toolbar": "full",
                    "media_upload": 1,
                    "delay": 0
                }
            ]
        },
        {
            "key": "field_5a1b72e2b4a86",
            "label": "Card Content",
            "name": "card_content",
            "type": "repeater",
            "instructions": "",
            "required": 0,
            "conditional_logic": [
                [
                    {
                        "field": "field_5a13c5a7ec802",
                        "operator": "==",
                        "value": "Cards"
                    }
                ]
            ],
            "wrapper": {
                "width": "",
                "class": "",
                "id": ""
            },
            "collapsed": "",
            "min": 0,
            "max": 0,
            "layout": "block",
            "button_label": "",
            "sub_fields": [
                {
                    "key": "field_5a1b730bb4a87",
                    "label": "Card Type",
                    "name": "card_type",
                    "type": "select",
                    "instructions": "Select the card title header",
                    "required": 0,
                    "conditional_logic": 0,
                    "wrapper": {
                        "width": "",
                        "class": "",
                        "id": ""
                    },
                    "choices": {
                        "custom": "Custom",
                        "assignment": "Assignments",
                        "audio": "Audio",
                        "calendar": "Calendar",
                        "canvas_inbox": "Canvas inbox",
                        "communication": "Communication",
                        "equipment": "Equipment",
                        "example": "Example",
                        "expert_tip": "Expert tip",
                        "further_resources": "Further Resources",
                        "getting_help": "Getting Help",
                        "glossary": "Glossary",
                        "group_registration": "Group Registration",
                        "homepage": "Homepage",
                        "hot_spot": "Hot spot",
                        "learning_activity": "Learning Activity",
                        "licensing_accreditation": "Licensing Accreditation",
                        "mobile_guides": "Mobile Guides",
                        "module": "Module",
                        "online_behaviour": "Online Behaviour",
                        "software": "Software",
                        "video": "Video",
                        "video_transcript": "Video Transcript",
                        "your_focus": "Your Focus",
                        "your_strengths": "Your Strengths"
                    },
                    "default_value": [],
                    "allow_null": 0,
                    "multiple": 0,
                    "ui": 0,
                    "ajax": 0,
                    "return_format": "value",
                    "placeholder": ""
                },
                {
                    "key": "field_5a1b786d02d1f",
                    "label": "Custom header",
                    "name": "custom_header",
                    "type": "select",
                    "instructions": "",
                    "required": 0,
                    "conditional_logic": [
                        [
                            {
                                "field": "field_5a1b730bb4a87",
                                "operator": "==",
                                "value": "custom"
                            }
                        ]
                    ],
                    "wrapper": {
                        "width": "",
                        "class": "",
                        "id": ""
                    },
                    "choices": {
                        "text_only": "Text only",
                        "image_only": "Image only",
                        "text_and_image": "Text and image"
                    },
                    "default_value": [],
                    "allow_null": 0,
                    "multiple": 0,
                    "ui": 0,
                    "ajax": 0,
                    "return_format": "value",
                    "placeholder": ""
                },
                {
                    "key": "field_5a1b865eaeaab",
                    "label": "Card Content",
                    "name": "card_content",
                    "type": "wysiwyg",
                    "instructions": "",
                    "required": 0,
                    "conditional_logic": 0,
                    "wrapper": {
                        "width": "",
                        "class": "",
                        "id": ""
                    },
                    "default_value": "",
                    "tabs": "all",
                    "toolbar": "full",
                    "media_upload": 1,
                    "delay": 0
                },
                {
                    "key": "field_5a1b95a1a6dc8",
                    "label": "Card Text Title",
                    "name": "card_text_title",
                    "type": "text",
                    "instructions": "",
                    "required": 0,
                    "conditional_logic": [
                        [
                            {
                                "field": "field_5a1b786d02d1f",
                                "operator": "!=",
                                "value": "image_only"
                            }
                        ]
                    ],
                    "wrapper": {
                        "width": "",
                        "class": "",
                        "id": ""
                    },
                    "default_value": "",
                    "placeholder": "",
                    "prepend": "",
                    "append": "",
                    "maxlength": ""
                },
                {
                    "key": "field_5a1b9656a6dc9",
                    "label": "Card header image",
                    "name": "card_header_image",
                    "type": "image",
                    "instructions": "",
                    "required": 0,
                    "conditional_logic": [
                        [
                            {
                                "field": "field_5a1b786d02d1f",
                                "operator": "!=",
                                "value": "text_only"
                            }
                        ]
                    ],
                    "wrapper": {
                        "width": "",
                        "class": "",
                        "id": ""
                    },
                    "return_format": "array",
                    "preview_size": "thumbnail",
                    "library": "all",
                    "min_width": "",
                    "min_height": "",
                    "min_size": "",
                    "max_width": "",
                    "max_height": "",
                    "max_size": "",
                    "mime_types": ""
                }
            ]
        }
    ],
    "location": [
        [
            {
                "param": "post_type",
                "operator": "==",
                "value": "page"
            },
            {
                "param": "page_template",
                "operator": "!=",
                "value": "page-glossary.php"
            }
        ]
    ],
    "menu_order": 0,
    "position": "normal",
    "style": "default",
    "label_placement": "top",
    "instruction_placement": "label",
    "hide_on_screen": "",
    "active": 1,
    "description": "",
    "modified": 1511829588
}